group 1,group 2,group 3,group 4,group 5,group 6,group 7,group 8,group 9,group 10,group 11,group 12
9513.803908,9469.934948,0.0,0.0,26570.163824,149604.914459,-19826.496747,-95205.276322,-51147.606956,-12454.637239,-1470.773126,-12941.292925
9715.626633,9878.080927,0.0,0.0,26747.255551,150347.300769,-19815.91585,-94692.497522,-50988.89776,-12373.050936,-1528.141463,-12959.396434
10205.677554,10054.755714,0.0,0.0,26758.583811,150535.826846,-19620.374339,-94774.405378,-50751.565224,-12282.310982,-1372.413353,-12605.654918
10180.95146,9898.727988,0.0,0.0,26729.776535,150419.693239,-19573.314118,-94678.99557,-50392.996147,-12222.705252,-1292.786374,-12752.047641
