group 1,group 2,group 3,group 4,group 5,group 6,group 7,group 8,group 9,group 10,group 11,group 12
9513.803908,9469.934948,0.0,0.0,26576.559846,149594.345661,-19826.494151,-95204.725041,-51147.606956,-12454.637239,-1470.773126,-12941.292925
9715.626633,9878.080927,0.0,0.0,26753.355146,150336.396192,-19815.913302,-94691.931858,-50988.89776,-12373.050936,-1528.141463,-12959.396434
10205.677554,10054.755714,0.0,0.0,26764.35639,150525.444458,-19620.371797,-94773.644956,-50751.565224,-12282.310982,-1372.413353,-12605.654918
10180.95146,9898.727988,0.0,0.0,26735.215528,150408.669126,-19573.311627,-94678.306772,-50392.996147,-12222.705252,-1292.786374,-12752.047641
